{"cameraMode":{"drawMode":0,"name":"Shaded","section":"Shading Mode"},"sceneLighting":true,"audioPlay":false,"sceneViewState":{"m_AlwaysRefresh":false,"showFog":true,"showSkybox":true,"showFlares":true,"showImageEffects":true,"showParticleSystems":true,"showVisualEffectGraphs":true,"m_FxEnabled":true},"in2DMode":false,"pivot":{"x":2.5888047218322756,"y":6.385700225830078,"z":1.2482781410217286},"rotation":{"x":0.21029582619667054,"y":0.45089834928512576,"z":-0.11020337790250778,"w":0.8604251146316528},"size":0.1295890510082245,"orthographic":false}